{"51059":{"X2":[13.956343,14.588948,15.061588,15.480591,15.760292,16.017052,16.11566,16.059854,16.164129,16.226174,16.333555,16.240966],"X3":[66.685789,64.889743,64.271485,63.76722,63.480284,63.200134,62.904329,62.978567,62.515193,61.980151,61.181451,58.99939],"X4":[9.237414,9.055995,9.207549,9.162276,9.221204,9.317484,9.363244,9.475438,9.665903,9.709067,9.806678,9.745972],"X5":[0.367514,0.488578,0.461335,0.426567,0.402971,0.324957,0.22902,0.195783,0.215586,0.219234,0.232314,0.282747],"X6":[16.14464,17.425426,17.533659,17.693607,17.935901,18.164272,18.428187,18.576345,18.927867,19.055398,19.246995,19.915541],"X7":[4.777976,4.95921,4.861022,4.891259,4.822941,4.611431,4.488439,4.39373,4.303925,4.395778,4.879558,4.998786],"X8":[2.786667,3.181047,3.664949,4.059072,4.1367,4.381723,4.58678,4.380137,4.371526,4.640372,4.653004,6.057564],"X9":[27.455317,26.528534,26.458133,26.374969,26.475041,26.436881,26.406857,26.371474,26.090452,26.010796,25.950769,25.887063],"X10":[63.266686,64.050969,63.862463,63.640809,63.216541,62.908479,62.537542,62.10337,61.739976,61.378067,60.965369,60.599214],"X11":[8.970517,9.10511,9.311801,9.580169,9.868301,10.253681,10.628481,11.117967,11.813619,12.258544,12.712613,13.116747],"X12":[49.572501,49.400126,49.426665,49.421556,49.457755,49.469237,49.490131,49.502113,49.526359,49.552394,49.584767,49.613072],"X13":[50.427499,50.599874,50.573335,50.578444,50.542245,50.530763,50.509869,50.497887,50.473641,50.447606,50.415233,50.386928],"X14":[48.55999,10.836016,10.634903,10.332427,10.141849,9.802906,9.454751,9.117766,8.857501,8.621385,8.514126,8.247843],"X15":[112552,114329,117515,121133,124831],"X16":[22.127218,22.043794,18.864392,18.536048,18.192035,18.15312,19.119343,19.0733,19.446834,19.165835],"X17":[23.158097,22.817278,20.325081,20.141549,19.795163,19.676016,20.416418,20.306515,20.211654,20.219369],"X18":[56.708532,56.247414,58.008062,57.907333,57.488496,56.794466,56.289223,55.907049,54.889055,54.607151],"X19":[56.460242,55.718198,57.241821,56.975396,56.898512,56.542382,55.891611,55.887743,55.645969,55.1897],"X20":[21.273465,21.708792,23.127546,23.556619,24.319469,25.052414,24.591433,25.019651,25.664111,26.227014],"X21":[20.424522,21.464524,22.433098,22.883055,23.306325,23.781602,23.691971,23.805742,24.142377,24.590931],"X22":[14.493759,14.852701,15.066771,14.790834,14.949231,14.855184,14.696232,14.290881,14.065654,13.626625],"X23":[20.548792,20.64935,20.983096,20.958263,20.691757,20.606237,20.533733,20.418368,19.92782,19.805133],"X24":[20.978977,21.122674,20.761718,20.204939,20.0596,19.887698,19.668592,19.556796,18.699628,18.377042],"X25":[26.948578,26.690034,26.804239,25.985568,25.555756,25.331731,25.145262,24.560363,24.432521,23.981162],"X26":[64.587404,64.024625,64.17151,65.004227,64.991168,65.257118,65.635176,66.152323,67.234719,67.996334],"X27":[52.583599,52.660616,52.212666,53.056169,53.752486,54.062032,54.321005,55.02127,55.639659,56.213704],"X28":[8.020755,7.714848,7.752619,7.755198,7.857603,7.884436,7.997425,8.149203,8.127182,8.316982],"X29":[3.258227,3.074693,2.615915,2.619911,2.728431,2.778397,2.616136,2.739144,2.813653,2.738892],"X30":[14.888393,14.426103,14.618774,14.618432,14.618599,14.687435,14.835667,14.888133,14.681349,14.58367],"X31":[11.47138,11.269049,11.216869,11.102166,11.208077,11.205967,11.109471,11.094275,10.889955,10.757658],"X32":[77.12912,77.859049,77.628607,77.649786,77.523798,77.428129,77.184521,76.962664,77.191468,77.099348],"X33":[85.365575,85.656258,86.167215,86.283511,86.063492,86.015636,86.279206,86.166582,86.296392,86.50345],"X34":[22.522243,22.262095,19.679917,19.705226,19.484817,19.199961,20.224076,20.189131,19.857265,20.298285],"X35":[24.91409,24.084633,22.36627,21.987516,21.468508,21.704667,22.513323,22.445411,21.92104,21.926143],"X36":[58.342518,57.923901,59.666309,59.066474,58.18795,57.1273,55.965974,55.550425,55.074429,54.194477],"X37":[56.530979,57.004944,56.816846,56.672946,56.702404,55.89494,54.599845,54.984975,54.443672,54.094563],"X38":[20.072501,21.163526,21.469941,22.442787,23.363267,24.429481,24.691104,25.259877,26.225356,26.706359],"X39":[19.645659,20.243893,21.61262,22.572055,22.792012,23.231014,23.823618,23.732014,24.79316,25.154296],"X40":[20.987965,21.47814,21.4018,21.107521,20.508083,20.869145,20.472879,20.211397,19.925135,19.884519],"X41":[30.227519,29.652381,30.446983,30.544752,29.580176,29.763987,30.003886,29.375634,29.464005,28.089777],"X42":[29.965535,29.305839,28.454964,28.589228,28.263405,28.107933,27.59521,27.079613,25.726634,25.27124],"X43":[38.328661,37.400566,37.046555,36.501723,36.684273,35.786215,35.434275,34.664712,33.849309,33.301872],"X44":[49.574376,50.094762,50.906756,51.117532,52.026337,51.805236,52.725672,53.582823,55.469064,56.00015],"X45":[32.115119,33.913094,33.22028,34.007769,34.732491,35.137654,35.374483,37.099605,37.878941,39.756987],"X46":[17.250723,16.32052,16.137462,16.321993,15.930625,16.906166,17.032344,16.394035,16.852627,16.321985],"X47":[9.105099,7.894786,6.925881,7.990317,7.947453,7.816841,7.275686,7.014766,6.940141,7.1756],"X48":[22.078357,21.038108,20.76767,20.565307,20.729388,19.044254,19.146794,19.129729,18.958895,19.600156],"X49":[16.546443,15.815758,15.737636,15.338951,15.557594,14.841005,14.248466,14.463071,14.211171,14.0545],"X50":[68.568909,71.198429,70.817657,71.379916,72.026936,71.233457,71.019267,71.428336,71.632275,71.655542],"X51":[79.435521,81.959195,82.301591,82.231608,82.323392,81.768932,82.98177,83.057252,83.316645,83.315015]},"_meta":{"time":{"value":[2009,2010,2011,2012,2013,2014,2015,2016,2017,2018,2019,2020],"name":"time"},"variables":{"perc_hispanic_or_latino":{"code":"X2","time_range":[0,11]},"perc_wht_alone":{"code":"X3","time_range":[0,11]},"perc_afr_amer_alone":{"code":"X4","time_range":[0,11]},"perc_native_alone":{"code":"X5","time_range":[0,11]},"perc_AAPI":{"code":"X6","time_range":[0,11]},"perc_other":{"code":"X7","time_range":[0,11]},"perc_two_or_more":{"code":"X8","time_range":[0,11]},"perc_pop_under_20":{"code":"X9","time_range":[0,11]},"perc_pop_20_64":{"code":"X10","time_range":[0,11]},"perc_pop_65_plus":{"code":"X11","time_range":[0,11]},"perc_male":{"code":"X12","time_range":[0,11]},"perc_female":{"code":"X13","time_range":[0,11]},"perc_veteran":{"code":"X14","time_range":[0,11]},"median_household_income":{"code":"X15","time_range":[6,10]},"rac_age_29_and_under_male_perc":{"code":"X16","time_range":[1,10]},"rac_age_29_and_under_female_perc":{"code":"X17","time_range":[1,10]},"rac_age_30_to_54_male_perc":{"code":"X18","time_range":[1,10]},"rac_age_30_to_54_female_perc":{"code":"X19","time_range":[1,10]},"rac_age_55_and_over_male_perc":{"code":"X20","time_range":[1,10]},"rac_age_55_and_over_female_perc":{"code":"X21","time_range":[1,10]},"rac_earnings_1250_and_under_male_perc":{"code":"X22","time_range":[1,10]},"rac_earnings_1250_and_under_female_perc":{"code":"X23","time_range":[1,10]},"rac_earnings_1251_to_3333_male_perc":{"code":"X24","time_range":[1,10]},"rac_earnings_1251_to_3333_female_perc":{"code":"X25","time_range":[1,10]},"rac_earnings_3334_and_over_male_perc":{"code":"X26","time_range":[1,10]},"rac_earnings_3334_and_over_female_perc":{"code":"X27","time_range":[1,10]},"rac_industry_goods_male_perc":{"code":"X28","time_range":[1,10]},"rac_industry_goods_female_perc":{"code":"X29","time_range":[1,10]},"rac_industry_trade_transporation_utilities_male_perc":{"code":"X30","time_range":[1,10]},"rac_industry_trade_transporation_utilities_female_perc":{"code":"X31","time_range":[1,10]},"rac_industry_other_services_male_perc":{"code":"X32","time_range":[1,10]},"rac_industry_other_services_female_perc":{"code":"X33","time_range":[1,10]},"wac_age_29_and_under_male_perc":{"code":"X34","time_range":[1,10]},"wac_age_29_and_under_female_perc":{"code":"X35","time_range":[1,10]},"wac_age_30_to_54_male_perc":{"code":"X36","time_range":[1,10]},"wac_age_30_to_54_female_perc":{"code":"X37","time_range":[1,10]},"wac_age_55_and_over_male_perc":{"code":"X38","time_range":[1,10]},