{"51059":{"X2":[13.956343,14.588948,15.061588,15.480591,15.760292,16.017052,16.11566,16.059854,16.164129,16.226174,16.333555,16.240966,16.396224],"X3":[66.685789,64.889743,64.271485,63.76722,63.480284,63.200134,62.904329,62.978567,62.515193,61.980151,61.181451,58.99939,56.642469],"X4":[9.237414,9.055995,9.207549,9.162276,9.221204,9.317484,9.363244,9.475438,9.665903,9.709067,9.806678,9.745972,9.815709],"X5":[0.367514,0.488578,0.461335,0.426567,0.402971,0.324957,0.22902,0.195783,0.215586,0.219234,0.232314,0.282747,0.363002],"X6":[16.14464,17.425426,17.533659,17.693607,17.935901,18.164272,18.428187,18.576345,18.927867,19.055398,19.246995,19.915541,20.110043],"X7":[4.777976,4.95921,4.861022,4.891259,4.822941,4.611431,4.488439,4.39373,4.303925,4.395778,4.879558,4.998786,5.464216],"X8":[2.786667,3.181047,3.664949,4.059072,4.1367,4.381723,4.58678,4.380137,4.371526,4.640372,4.653004,6.057564,7.60456],"X9":[27.455317,26.528534,26.458133,26.374969,26.475041,26.436881,26.406857,26.371474,26.090452,26.010796,25.950769,25.887063,25.939877],"X10":[63.266686,64.050969,63.862463,63.640809,63.216541,62.908479,62.537542,62.10337,61.739976,61.378067,60.965369,60.599214,60.438689],"X11":[8.970517,9.10511,9.311801,9.580169,9.868301,10.253681,10.628481,11.117967,11.813619,12.258544,12.712613,13.116747,13.271772],"X12":[49.572501,49.400126,49.426665,49.421556,49.457755,49.469237,49.490131,49.502113,49.526359,49.552394,49.584767,49.613072,49.893401],"X13":[50.427499,50.599874,50.573335,50.578444,50.542245,50.530763,50.509869,50.497887,50.473641,50.447606,50.415233,50.386928,50.106599],"X14":[48.55999,10.836016,10.634903,10.332427,10.141849,9.802906,9.454751,9.117766,8.857501,8.621385,8.514126,8.247843,8.195541],"X15":[112552,114329,117515,121133,124831],"X16":[22.180919,22.076257,18.932436,18.632369,18.267171,18.269014,19.202364,19.172415,19.518297,19.280926],"X17":[23.16532,22.89599,20.353197,20.215991,19.889311,19.796595,20.431267,20.384747,20.292472,20.268912],"X18":[56.801878,56.191824,57.915552,57.767377,57.385723,56.656257,56.18614,55.81907,54.839894,54.457629],"X19":[56.428781,55.640869,57.172448,56.880877,56.77064,56.400431,55.87484,55.7985,55.553436,55.130855],"X20":[21.295395,21.731919,23.152012,23.600254,24.347106,25.074729,24.611496,25.008515,25.641809,26.261446],"X21":[20.448593,21.463141,22.474355,22.903131,23.340049,23.802973,23.693894,23.816753,24.154092,24.600232],"X22":[14.54813,14.949501,15.114307,14.933025,15.089081,14.844278,14.794326,14.45078,14.198604,13.737066],"X23":[20.590758,20.703087,21.041358,21.047636,20.821417,20.665938,20.558722,20.507127,20.026461,19.877935],"X24":[21.002062,21.209773,20.90094,20.293234,20.128246,19.99616,19.791747,19.595091,18.730921,18.466454],"X25":[27.002211,26.738724,26.817376,26.048433,25.585695,25.402206,25.227719,24.597622,24.476187,24.102404],"X26":[64.648347,63.840726,63.984753,64.77374,64.782673,65.159562,65.413927,65.954129,67.070475,67.79648],"X27":[52.487683,52.558189,52.141265,52.903931,53.592887,53.931855,54.213559,54.895251,55.497352,56.019661],"X28":[8.030273,7.776525,7.823137,7.776721,7.923583,7.966493,8.063304,8.199149,8.175484,8.378873],"X29":[3.269959,3.100009,2.639402,2.662287,2.771031,2.80993,2.636372,2.795473,2.866152,2.758559],"X30":[14.906098,14.471555,14.692969,14.72127,14.714515,14.692531,14.899553,14.98787,14.759506,14.600425],"X31":[11.481541,11.355128,11.273661,11.151127,11.300992,11.248199,11.154534,11.158031,10.93558,10.766085],"X32":[77.191194,77.75192,77.483893,77.525243,77.361902,77.340976,77.05462,76.812981,77.06501,77.020702],"X33":[85.343309,85.544863,86.086937,86.192132,85.927977,85.941871,86.21387,86.046496,86.198268,86.475356],"X34":[22.467587,22.230298,19.634283,19.677638,19.456744,19.163475,20.212465,20.20364,19.867802,20.258296],"X35":[24.802782,24.063396,22.351926,22.034477,21.508583,21.789419,22.6541,22.538591,22.015264,22.031539],"X36":[58.371493,58.012398,59.747584,59.120493,58.291928,57.270304,56.071201,55.571577,55.056383,54.247439],"X37":[56.645726,56.982661,56.848876,56.693174,56.71535,55.885048,54.515461,54.907572,54.400786,54.01399],"X38":[20.090563,21.095732,21.427973,22.406802,23.278894,24.316957,24.590613,25.216468,26.223972,26.684004],"X39":[19.632852,20.276958,21.588766,22.495013,22.731447,23.150044,23.760509,23.707226,24.733344,25.120232],"X40":[20.95506,21.43055,21.268792,21.011161,20.455617,20.748579,20.398405,20.150927,19.809534,19.787506],"X41":[30.204585,29.640661,30.387616,30.47905,29.492427,29.684147,29.974817,29.332411,29.380213,28.006032],"X42":[29.951333,29.333348,28.405627,28.496517,28.230397,28.108344,27.563119,27.110759,25.73872,25.197768],"X43":[38.337758,37.414537,37.115822,36.61105,36.846399,35.935651,35.551617,34.849457,33.987529,33.420946],"X44":[49.814702,50.107663,51.082666,51.300291,52.105424,51.919327,52.826084,53.605373,55.563441,56.161674],"X45":[32.38942,33.903263,33.204616,33.955971,34.650046,35.062725,35.279911,36.949246,37.814947,39.712754],"X46":[17.218925,16.307431,16.142005,16.354494,15.973169,16.905192,17.04137,16.423288,16.902064,16.369882],"X47":[9.084091,7.869244,6.913677,7.965298,7.942384,7.793475,7.253079,7.001088,6.929386,7.172323],"X48":[22.10738,21.289776,20.996064,20.750747,20.906548,19.28418,19.365102,19.335023,19.132425,19.785777],"X49":[16.647911,16.119792,15.96841,15.579483,15.786192,15.116529,14.489836,14.714699,14.443027,14.324308],"X50":[68.662962,71.05111,70.679669,71.251629,71.898,71.091133,70.888627,71.288382,71.502796,71.515536],"X51":[79.420517,81.743468,82.143293,82.072949,82.162269,81.584142,82.823551,82.878514,83.15587,83.111072],"X52":33.368613,"X53":3.72666,"X54":45.791971,"X55":5.140419,"X56":10.784672,"X57":6.37475,"X58":15.014599,"X59":8.310441,"X60":15.60219,"X61":5.488656,"X62":21.49635,"X63":6.631682,"X64":12.306569,"X65":3.769516,"X66":19.083942,"X67":8.241056,"X68":27.733577,"X69":3.749954,"X70":35.715328,"X71":4.463381,"X72":14.708029,"X73":3.920259,"X74":25.040146,"X75":8.084228,"X76":14.149635,"X77":5.81084,"X78":13.379562,"X79":5.530491,"X80":10.025547,"X81":7.602516,"X82":7.551095,"X83":7.089793,"X84":6.463504,"X85":6.61169,"X86":4.616788,"X87":5.107575,"X88":16.313869,"X89":7.183189,"X90":15.536496,"X91":6.340181,"X92":9.770073,"X93":4.848965,"X94":8.343066,"X95":4.38898,"X96":14.70073,"X97":6.706163,"X98":16.087591,"X99":6.486808},"_meta":{"time":{"value":[2009,2010,2011,2012,2013,2014,2015,2016,2017,2018,2019,2020,2021],"name":"time"},"variables":{"race_hispanic_or_latino_percent_direct":{"code":"X2","time_range":[0,12]},"race_wht_alone_percent_direct":{"code":"X3","time_range":[0,12]},"race_afr_amer_alone_percent_direct":{"code":"X4","time_range":[0,12]},"race_native_alone_percent_direct":{"code":"X5","time_range":[0,12]},"race_AAPI_percent_direct":{"code":"X6","time_range":[0,12]},"race_other_percent_direct":{"code":"X7","time_range":[0,12]},"race_two_or_more_percent_direct":{"code":"X8","time_range":[0,12]},"age_under_20_percent_direct":{"code":"X9","time_range":[0,12]},"age_20_64_percent_direct":{"code":"X10","time_range":[0,12]},"age_65_plus_percent_direct":{"code":"X11","time_range":[0,12]},"gender_male_percent_direct":{"code":"X12","time_range":[0,12]},"gender_female_percent_direct":{"code":"X13","time_range":[0,12]},"veteran_percent_direct":{"code":"X14","time_range":[0,12]},"median_household_income":{"code":"X15","time_range":[6,10]},"rac_age_29_and_under_male_perc":{"code":"X16","time_range":[1,10]},"rac_age_29_and_under_female_perc":{"code":"X17","time_range":[1,10]},"rac_age_30_to_54_male_perc":{"code":"X18","time_range":[1,10]},"rac_age_30_to_54_female_perc":{"code":"X19","time_range":[1,10]},"rac_age_55_and_over_male_perc":{"code":"X20","time_range":[1,10]},"rac_age_55_and_over_female_perc":{"code":"X21","time_range":[1,10]},"rac_earnings_1250_and_under_male_perc":{"code":"X22","time_range":[1,10]},"rac_earnings_1250_and_under_female_perc":{"code":"X23","time_range":[1,10]},"rac_earnings_1251_to_3333_male_perc":{"code":"X24","time_range":[1,10]},