{"51059_hsr_1":{"X2":[50.329124,50.444934,50.587528,50.824051,50.680256,50.817054,50.852064],"X3":[49.670876,49.555066,49.412472,49.175949,49.319744,49.182946,49.147936]},"51059_hsr_2":{"X2":[50.607393,50.209948,49.730294,49.620114,49.363431,49.632211,49.919211],"X3":[49.392607,49.790052,50.269706,50.379886,50.636569,50.367789,50.080789]},"51059_hsr_3":{"X2":[50.491529,50.627145,50.901436,50.775839,50.987367,50.869754,50.676465],"X3":[49.508471,49.372855,49.098564,49.224161,49.012633,49.130246,49.323535]},"51059_hsr_4":{"X2":[50.825858,50.887578,50.861513,50.882017,50.879662,50.571957,50.404392],"X3":[49.174142,49.112422,49.138487,49.117983,49.120338,49.428043,49.595608]},"_meta":{"time":{"value":[2009,2010,2011,2012,2013,2014,2015,2016,2017,2018,2019,2020],"name":"time"},"variables":{"perc_female":{"code":"X2","time_range":[4,10]},"perc_male":{"code":"X3","time_range":[4,10]}}}}
