{"51059_hsr_1":{"X2":[18.300341,18.264397,19.181808,19.06334,19.979981,20.396796,20.212677],"X3":[58.384479,58.419869,58.470713,59.03573,59.174101,59.691925,59.235981],"X4":[17.615977,17.549422,16.934382,17.116786,17.313374,17.188862,17.861373],"X5":[0.344857,0.208501,0.195549,0.180682,0.222734,0.198345,0.221917],"X6":[12.897055,13.09343,12.854446,12.923316,12.499115,12.627595,12.529312],"X7":[6.832247,6.527055,6.840912,6.049148,6.03033,5.446394,5.092311],"X8":[3.925384,4.201723,4.703998,4.694339,4.760346,4.846879,5.059106],"X9":[26.07597,25.922896,26.494444,26.304464,26.338632,26.231827,26.587628],"X10":[63.625286,63.780512,63.127496,62.917936,62.317001,61.801305,60.881963],"X11":[9.838004,9.831082,9.951463,10.328462,10.906496,11.525834,12.05033],"X12":[49.670876,49.555066,49.412472,49.175949,49.319744,49.182946,49.147936],"X13":[50.329124,50.444934,50.587528,50.824051,50.680256,50.817054,50.852064],"X14":[12.297567,12.027345,11.599429,11.491729,11.241627,11.040502,10.934583]},"51059_hsr_2":{"X2":[22.994837,23.465486,23.901211,23.870868,23.52138,23.225449,23.016207],"X3":[59.830098,59.315092,59.564718,58.592079,58.62492,57.394564,55.427207],"X4":[7.89283,7.99125,7.814031,8.135692,8.359961,8.699547,8.64089],"X5":[0.559443,0.326947,0.380151,0.227794,0.212282,0.303469,0.333736],"X6":[20.119047,20.446233,20.106362,20.722845,20.403713,20.364891,20.455334],"X7":[7.652456,7.702663,7.585569,8.289328,8.185046,8.358929,10.575695],"X8":[3.946125,4.217814,4.549169,4.032262,4.214077,4.878599,4.567139],"X9":[24.59415,24.879965,24.665185,24.656836,24.2672,24.340212,24.156624],"X10":[63.399204,63.160566,63.06755,62.677965,62.614224,62.378695,62.201881],"X11":[11.258563,11.28593,11.590755,12.044013,12.692072,12.822885,13.159297],"X12":[49.392607,49.790052,50.269706,50.379886,50.636569,50.367789,50.080789],"X13":[50.607393,50.209948,49.730294,49.620114,49.363431,49.632211,49.919211],"X14":[8.298462,7.519824,7.289339,7.218393,7.281237,6.84214,6.852015]},"51059_hsr_3":{"X2":[12.055113,12.516921,12.177534,11.645211,11.18834,11.486606,11.681464],"X3":[68.253148,68.237652,67.691762,67.749359,66.958788,66.327293,65.312052],"X4":[6.16944,6.194354,6.466281,6.292457,6.701402,6.451942,6.584095],"X5":[0.320444,0.269846,0.165443,0.185525,0.184813,0.158475,0.183189],"X6":[18.156746,18.218809,18.712042,19.188863,20.040594,20.079487,20.900268],"X7":[3.214451,2.877631,2.586464,2.423234,2.046794,2.719704,2.736043],"X8":[3.88577,4.201708,4.378008,4.160562,4.067609,4.263099,4.284353],"X9":[26.320246,26.460211,26.503825,26.617693,26.067289,26.129684,25.841707],"X10":[62.854932,62.04366,61.490544,61.05556,60.756494,60.234418,60.075622],"X11":[10.464028,11.129935,11.586163,12.011402,12.936948,13.464429,13.954798],"X12":[49.508471,49.372855,49.098564,49.224161,49.012633,49.130246,49.323535],"X13":[50.491529,50.627145,50.901436,50.775839,50.987367,50.869754,50.676465],"X14":[9.021901,8.770472,8.369382,7.748382,7.375586,7.09679,6.949424]},"51059_hsr_4":{"X2":[11.930058,12.026937,11.58142,12.101117,12.499988,12.401282,12.811033],"X3":[65.30213,64.93068,64.277049,64.818529,63.837869,63.029418,62.976177],"X4":[6.51629,6.72535,7.169509,7.365169,7.193989,7.411598,7.207929],"X5":[0.418934,0.479313,0.201979,0.189863,0.239515,0.227094,0.20592],"X6":[20.408558,20.728656,21.67597,21.161979,22.197538,22.620185,22.532043],"X7":[2.72108,2.429741,2.08788,1.975761,2.222449,2.222732,2.442036],"X8":[4.633009,4.70626,4.587613,4.488699,4.30864,4.488973,4.635894],"X9":[28.02225,27.65366,27.218579,27.141758,27.006203,26.632757,26.556964],"X10":[63.317817,63.094674,62.919843,62.260252,61.722391,61.545951,61.080608],"X11":[8.374869,9.060385,9.600916,10.275246,10.898609,11.424355,11.901912],"X12":[49.174142,49.112422,49.138487,49.117983,49.120338,49.428043,49.595608],"X13":[50.825858,50.887578,50.861513,50.882017,50.879662,50.571957,50.404392],"X14":[10.891267,10.724401,10.389918,9.948129,9.540702,9.444085,9.332427]},"_meta":{"time":{"value":[2009,2010,2011,2012,2013,2014,2015,2016,2017,2018,2019,2020],"name":"time"},"variables":{"perc_hispanic_or_latino":{"code":"X2","time_range":[4,10]},"perc_wht_alone":{"code":"X3","time_range":[4,10]},"perc_afr_amer_alone":{"code":"X4","time_range":[4,10]},"perc_native_alone":{"code":"X5","time_range":[4,10]},"perc_AAPI":{"code":"X6","time_range":[4,10]},"perc_other":{"code":"X7","time_range":[4,10]},"perc_two_or_more":{"code":"X8","time_range":[4,10]},"perc_pop_under_20":{"code":"X9","time_range":[4,10]},"perc_pop_20_64":{"code":"X10","time_range":[4,10]},"perc_pop_65_plus":{"code":"X11","time_range":[4,10]},"perc_male":{"code":"X12","time_range":[4,10]},"perc_female":{"code":"X13","time_range":[4,10]},"perc_veteran":{"code":"X14","time_range":[4,10]}}}}
