{"51059_hsr_1":{"X2":[19.223688,17.774211,18.624203,18.146273,17.968509,17.833215,18.740356,18.521131,19.190993,19.385786,19.453405,19.484671,19.508447],"X3":[64.471302,60.770858,60.602843,60.27543,59.193309,59.183788,59.305466,59.739099,59.76351,60.170466,59.582055,57.722487,53.870899],"X4":[16.347673,17.753077,17.705334,17.412556,17.983894,18.015758,17.183729,17.368553,17.584638,17.509461,18.071536,18.305031,19.058232],"X5":[0.239545,0.357201,0.362914,0.386621,0.347543,0.237151,0.221834,0.188012,0.229186,0.198138,0.209583,0.296141,0.446764],"X6":[9.415016,11.713884,11.534941,11.779312,11.924616,12.083238,12.03102,11.9971,11.718408,11.824469,11.917564,12.588489,12.8325],"X7":[6.71737,6.11221,6.40369,6.116728,6.51681,6.132475,6.443608,5.816444,5.737108,5.255119,5.062433,4.478151,5.071327],"X8":[2.809094,3.292769,3.390278,4.029353,4.033827,4.34759,4.814343,4.890793,4.96715,5.042347,5.15683,6.609701,8.720278],"X9":[27.663053,26.095367,25.958449,25.862159,25.669111,25.622169,25.926454,25.823802,25.824275,25.784546,26.02478,25.905721,26.230307],"X10":[61.288151,64.235109,64.27637,64.326286,64.233914,64.25175,63.848073,63.47757,62.92925,62.372783,61.552113,60.397014,60.246385],"X11":[10.469987,9.271064,9.361125,9.364976,9.639099,9.654412,9.789631,10.255256,10.817516,11.415955,11.962984,13.087048,12.945473],"X12":[49.325299,49.631491,49.636939,49.571811,49.490622,49.275847,49.296585,49.270893,49.468127,49.209735,49.165458,48.906095,49.556912],"X13":[50.674701,50.368509,50.363061,50.428189,50.509378,50.724153,50.703415,50.729107,50.531873,50.790265,50.834542,51.093905,50.443088],"X14":[47.813278,13.608783,13.103182,12.626999,12.676452,12.363357,12.008715,11.940846,11.644894,11.509665,11.441057,11.440391,11.565452]},"51059_hsr_2":{"X2":[19.048196,20.497487,20.786902,21.71012,22.426534,23.087969,23.408398,23.308298,23.057276,22.902399,22.572464,22.611267,22.867906],"X3":[64.45926,60.889159,61.168113,59.67959,60.138508,59.461458,59.598809,58.869749,58.720376,58.25047,56.881965,54.189329,52.005161],"X4":[8.845691,10.146113,9.981324,10.17006,9.763262,10.055031,9.92835,10.566551,10.808014,11.02266,11.024886,10.398859,9.968675],"X5":[0.392088,0.641546,0.656319,0.578747,0.543601,0.306186,0.346453,0.227898,0.260832,0.340577,0.360126,0.466287,0.604248],"X6":[15.606346,17.688097,17.45363,17.763335,17.638733,17.82562,17.752883,18.016238,17.851207,17.743215,17.892837,19.397345,19.482384],"X7":[7.411008,7.447291,7.270567,7.96178,7.830589,8.039457,7.716245,8.142095,8.047412,7.910823,9.313903,10.289929,10.928294],"X8":[3.285607,3.187795,3.470047,3.846489,4.085306,4.312249,4.657259,4.177469,4.312158,4.732256,4.526283,5.25825,7.011238],"X9":[25.292918,23.723708,23.701837,23.716636,24.197789,24.576963,24.593282,24.721918,24.47806,24.704479,24.559012,24.998672,24.987129],"X10":[62.43855,64.822441,65.084377,64.989459,64.094875,63.724335,63.567683,62.960711,62.693632,62.322086,62.115836,61.494881,61.218799],"X11":[11.525389,10.824746,10.597452,10.659226,11.040653,11.091377,11.224077,11.646113,12.315305,12.433524,12.75128,13.013933,13.364136],"X12":[49.299596,48.968851,48.901839,48.9443,49.277423,49.697619,50.134004,50.265874,50.480452,50.251336,49.760171,50.049107,49.728083],"X13":[50.700404,51.031149,51.098161,51.0557,50.722577,50.302381,49.865996,49.734126,49.519548,49.748664,50.239829,49.950893,50.271917],"X14":[48.607579,9.242741,8.84496,8.438833,8.228975,7.53652,7.347105,7.253296,7.3799,7.018198,6.968695,6.297755,6.225466]},"51059_hsr_3":{"X2":[6.795064,9.800861,10.530944,11.521838,11.981918,12.441926,12.109278,11.571785,11.097569,11.391856,11.60159,12.691789,12.791729],"X3":[79.924398,70.802047,69.510465,68.944467,68.440737,68.436937,67.869581,67.900267,67.086757,66.477888,65.430271,63.181928,61.130409],"X4":[3.289661,5.736403,5.724018,6.029219,6.069332,6.055863,6.321755,6.162663,6.567996,6.330357,6.467991,5.917605,5.572962],"X5":[0.123913,0.432499,0.424163,0.378476,0.317792,0.271453,0.168095,0.188193,0.185972,0.159586,0.183353,0.215455,0.273739],"X6":[12.807931,17.375042,17.769104,17.699481,18.120972,18.191149,18.692423,19.1776,20.045599,20.047609,20.891569,20.875783,21.731537],"X7":[1.993554,3.086283,3.033031,3.144629,3.145553,2.827044,2.555983,2.393034,2.035286,2.705387,2.72808,3.380933,3.739799],"X8":[1.860543,2.567726,3.539219,3.803729,3.905614,4.217555,4.392162,4.178242,4.078391,4.279173,4.298735,6.428297,7.551554],"X9":[27.087334,26.213204,26.407344,26.565559,26.362079,26.499414,26.53001,26.632949,26.058021,26.114698,25.837743,25.77727,25.503111],"X10":[59.070544,64.10017,63.533562,63.20877,62.799208,61.992492,61.440307,60.991057,60.718942,60.212845,60.051106,60.575612,60.706761],"X11":[13.734376,9.469822,9.806617,9.903117,10.485863,11.152482,11.619768,12.071247,12.988795,13.502963,13.985695,13.414614,13.544266],"X12":[49.263854,49.6001,49.513941,49.482952,49.50532,49.381244,49.116845,49.210654,49.000572,49.137687,49.334646,49.386372,49.802948],"X13":[50.736146,50.3999,50.486059,50.517048,50.49468,50.618756,50.883155,50.789346,50.999428,50.862313,50.665354,50.613628,50.197052],"X14":[48.618125,9.774509,9.421917,9.2173,9.031463,8.800343,8.396162,7.777947,7.410635,7.112107,6.949725,6.759078,6.659664]},"51059_hsr_4":{"X2":[12.825092,12.296883,12.807522,12.867408,13.299757,13.354923,13.299288,13.640888,14.071083,13.784802,14.059784,14.730652,14.987811],"X3":[72.854649,66.535963,66.079077,66.311554,66.235813,65.863709,65.340318,65.294018,63.978249,63.350246,62.978666,60.453538,58.980316],"X4":[8.126379,6.835274,7.129154,6.955158,7.210455,7.495505,7.799032,8.093074,8.198487,8.187849,8.173063,8.267486,8.337313],"X5":[0.510407,0.459236,0.396367,0.384746,0.411952,0.452464,0.210659,0.226924,0.237716,0.240334,0.221104,0.196935,0.174768],"X6":[10.857509,18.095834,18.41718,18.389035,18.510944,18.716534,19.444387,19.144322,20.049395,20.615005,20.735957,21.494522,21.067789],"X7":[4.59554,4.458253,3.988645,3.51516,3.09511,2.718606,2.394438,2.347669,2.835034,2.666255,2.935365,3.246671,3.721346],"X8":[3.055516,3.61544,3.989577,4.444347,4.535726,4.753182,4.811166,4.893993,4.701118,4.940311,4.955845,6.340848,7.718467],"X9":[28.082872,28.160804,27.97261,27.721773,27.990963,27.792629,27.517313,27.417942,27.373345,27.182372,27.128559,26.620744,26.860164],"X10":[62.363325,64.218656,64.01225,63.527627,63.205824,62.901489,62.619557,62.015282,61.626072,61.385614,60.908666,60.87387,60.462091],"X11":[9.306471,7.401893,7.72451,8.468627,8.483827,9.066071,9.596897,10.252273,10.632906,11.049191,11.545426,12.154974,12.445125],"X12":[49.033055,49.018674,49.365973,49.340247,49.342658,49.274939,49.3197,49.25,49.174696,49.418197,49.550741,49.709926,49.83181],"X13":[50.966945,50.981326,50.634027,50.659753,50.657342,50.725061,50.6803,50.75,50.825304,50.581803,50.449259,50.290074,50.16819],"X14":[48.543794,11.741181,11.824098,11.669156,11.271378,11.005638,10.542513,10.204628,9.737899,9.539414,9.460217,9.247691,9.251303]},"_meta":{"time":{"value":[2009,2010,2011,2012,2013,2014,2015,2016,2017,2018,2019,2020,2021],"name":"time"},"variables":{"race_hispanic_or_latino_percent_direct":{"code":"X2","time_range":[0,12]},"race_wht_alone_percent_direct":{"code":"X3","time_range":[0,12]},"race_afr_amer_alone_percent_direct":{"code":"X4","time_range":[0,12]},"race_native_alone_percent_direct":{"code":"X5","time_range":[0,12]},"race_AAPI_percent_direct":{"code":"X6","time_range":[0,12]},"race_other_percent_direct":{"code":"X7","time_range":[0,12]},"race_two_or_more_percent_direct":{"code":"X8","time_range":[0,12]},"age_under_20_percent_direct":{"code":"X9","time_range":[0,12]},"age_20_64_percent_direct":{"code":"X10","time_range":[0,12]},"age_65_plus_percent_direct":{"code":"X11","time_range":[0,12]},"gender_male_percent_direct":{"code":"X12","time_range":[0,12]},"gender_female_percent_direct":{"code":"X13","time_range":[0,12]},"veteran_percent_direct":{"code":"X14","time_range":[0,12]}}}}
