{"51059_pd_a":{"X2":[51.908654,51.728224,50.899521,50.832939,50.255127,49.988876,50.396003],"X3":[48.091346,48.271776,49.100479,49.167061,49.744873,50.011124,49.603997]},"51059_pd_b":{"X2":[48.892127,49.630298,50.332087,50.295846,50.778402,50.879415,50.527899],"X3":[51.107873,50.369702,49.667913,49.704154,49.221598,49.120585,49.472101]},"51059_pd_br":{"X2":[50.689622,50.510308,50.849473,50.906091,50.904264,50.814012,50.469254],"X3":[49.310378,49.489692,49.150527,49.093909,49.095736,49.185988,49.530746]},"51059_pd_f":{"X2":[50.606511,50.66909,51.069453,51.171659,51.089016,51.242952,51.195342],"X3":[49.393489,49.33091,48.930547,48.828341,48.910984,48.757048,48.804658]},"51059_pd_j":{"X2":[50.497057,49.306483,48.379896,47.509441,47.429581,48.286235,48.855199],"X3":[49.502943,50.693517,51.620104,52.490559,52.570419,51.713765,51.144801]},"51059_pd_l":{"X2":[52.298385,51.682904,50.315894,50.350646,49.478868,49.401712,49.596047],"X3":[47.701615,48.317096,49.684106,49.649354,50.521132,50.598288,50.403953]},"51059_pd_lp":{"X2":[48.667824,49.508598,50.165491,51.110896,51.329345,52.191856,52.133628],"X3":[51.332176,50.491402,49.834509,48.889104,48.670655,47.808144,47.866372]},"51059_pd_m":{"X2":[51.148226,51.421749,50.935485,50.752248,50.97734,50.9576,50.786583],"X3":[48.851774,48.578251,49.064515,49.247752,49.02266,49.0424,49.213417]},"51059_pd_mv":{"X2":[51.196004,51.308726,50.674321,50.658647,49.831997,49.684197,50.244814],"X3":[48.803996,48.691274,49.325679,49.341353,50.168003,50.315803,49.755186]},"51059_pd_p":{"X2":[50.701212,50.501545,50.290797,50.386479,50.798944,50.434021,50.08745],"X3":[49.298788,49.498455,49.709203,49.613521,49.201056,49.565979,49.91255]},"51059_pd_rh":{"X2":[50.553041,50.975127,52.119202,52.260189,52.332848,51.908406,51.865378],"X3":[49.446959,49.024873,47.880798,47.739811,47.667152,48.091594,48.134622]},"51059_pd_s":{"X2":[50.13173,50.042551,50.060671,50.200854,50.243108,50.688313,50.013468],"X3":[49.86827,49.957449,49.939329,49.799146,49.756892,49.311687,49.986532]},"51059_pd_up":{"X2":[50.299951,50.442958,50.863505,50.624349,50.682648,50.571511,50.494909],"X3":[49.700049,49.557042,49.136495,49.375651,49.317352,49.428489,49.505091]},"51059_pd_v":{"X2":[49.517105,49.201395,49.461956,50.184423,49.982698,49.843953,49.989697],"X3":[50.482895,50.798605,50.538044,49.815577,50.017302,50.156047,50.010303]},"_meta":{"time":{"value":[2009,2010,2011,2012,2013,2014,2015,2016,2017,2018,2019,2020],"name":"time"},"variables":{"perc_female":{"code":"X2","time_range":[4,10]},"perc_male":{"code":"X3","time_range":[4,10]}}}}
