{"51059_pd_a":{"X2":[22.523434,24.071525,22.68772,23.473032,25.134045,25.401537,24.362483],"X3":[61.039888,62.618774,60.768861,59.368285,58.516199,58.659094,55.306329],"X4":[7.586004,6.168849,6.637381,6.705569,6.507201,6.163914,6.939608],"X5":[0.893236,0.259181,0.343077,0.344491,0.332448,0.648465,0.632503],"X6":[21.739035,22.365108,23.005575,23.299966,23.031373,22.013437,21.471028],"X7":[4.890162,5.014653,5.569209,7.32241,8.420869,8.050056,11.518798],"X8":[3.851674,3.573437,3.675897,2.959279,3.19191,4.465033,4.131734],"X9":[25.470819,26.318825,25.470811,25.056366,24.718053,25.059342,24.895282],"X10":[60.630348,59.722159,60.100564,59.966782,60.068292,59.90241,59.358851],"X11":[13.025855,13.046599,13.526061,13.956509,14.493031,14.49532,15.118141],"X12":[48.091346,48.271776,49.100479,49.167061,49.744873,50.011124,49.603997],"X13":[51.908654,51.728224,50.899521,50.832939,50.255127,49.988876,50.396003],"X14":[9.553517,8.658953,8.718473,8.480766,8.2913,7.910969,7.811122]},"51059_pd_b":{"X2":[31.635311,33.184878,33.563829,31.570578,31.176011,31.94278,31.889261],"X3":[56.825434,56.451882,55.780357,56.384794,57.808213,54.364503,52.851086],"X4":[12.287075,13.629201,13.171213,12.719815,12.713885,12.391875,11.743294],"X5":[0.440617,0.222437,0.29523,0.236545,0.148504,0.049695,0.087741],"X6":[13.583076,12.108123,14.552869,15.282002,13.849935,14.862958,14.891802],"X7":[13.286661,13.262356,12.2208,12.273544,11.596782,13.628083,16.164228],"X8":[3.577137,4.326,3.97953,3.103299,3.882682,4.702886,4.26185],"X9":[24.026995,24.813477,25.09234,25.268014,25.663916,25.00665,24.884852],"X10":[63.380538,62.69545,61.855037,61.379246,60.614977,60.156219,60.954292],"X11":[11.813711,11.79787,12.253881,12.705287,13.20132,14.11571,13.49322],"X12":[51.107873,50.369702,49.667913,49.704154,49.221598,49.120585,49.472101],"X13":[48.892127,49.630298,50.332087,50.295846,50.778402,50.879415,50.527899],"X14":[7.417169,6.782484,6.651018,6.82292,7.134506,6.751968,6.590629]},"51059_pd_br":{"X2":[13.58347,13.849122,12.707197,13.679155,14.076071,13.647019,13.620479],"X3":[58.792737,57.934362,57.615196,58.324319,56.463518,55.483579,55.991381],"X4":[6.677173,6.811318,7.198486,7.681126,7.76665,7.888649,7.191249],"X5":[0.646706,0.701713,0.141643,0.209318,0.231073,0.205942,0.20264],"X6":[24.853503,25.556236,26.906772,26.383039,27.955977,28.983918,28.857362],"X7":[3.413965,3.089009,2.366736,1.891136,2.489769,2.612465,2.948243],"X8":[5.615916,5.907361,5.771166,5.511063,5.093013,4.825446,4.809126],"X9":[28.315088,28.046105,27.64798,27.547852,27.327006,26.88028,26.550102],"X10":[65.244522,65.112216,64.913878,64.330912,63.830898,63.634832,63.524671],"X11":[6.236527,6.69157,7.22364,7.868563,8.598715,9.286901,9.749015],"X12":[49.310378,49.489692,49.150527,49.093909,49.095736,49.185988,49.530746],"X13":[50.689622,50.510308,50.849473,50.906091,50.904264,50.814012,50.469254],"X14":[7.889483,7.980926,7.960924,7.589956,7.476539,7.135861,7.067868]},"51059_pd_f":{"X2":[10.178954,11.152722,11.074805,11.694246,12.039957,12.309661,11.474928],"X3":[64.593897,63.412324,64.24962,63.574839,64.167084,63.330147,61.748311],"X4":[7.89272,9.008944,8.975106,8.264858,8.067035,7.485089,8.867078],"X5":[0.336327,0.328658,0.185604,0.175692,0.163187,0.180416,0.103931],"X6":[20.743594,20.688374,20.795164,21.535755,20.66919,21.56248,21.605288],"X7":[2.63188,2.880934,1.827976,2.202013,2.797991,2.756046,2.729551],"X8":[3.801582,3.680767,3.96653,4.246843,4.135513,4.685822,4.945841],"X9":[26.115771,26.109803,26.02001,25.783207,26.179144,25.895885,26.339943],"X10":[64.532118,64.449766,63.909551,63.811927,62.838773,62.965475,62.138929],"X11":[9.123119,9.304675,9.836991,10.069989,10.754673,10.892565,11.147552],"X12":[49.393489,49.33091,48.930547,48.828341,48.910984,48.757048,48.804658],"X13":[50.606511,50.66909,51.069453,51.171659,51.089016,51.242952,51.195342],"X14":[9.597969,8.93491,8.333234,7.920906,7.721977,7.104818,6.602983]},"51059_pd_j":{"X2":[25.454547,25.014386,26.909355,26.019319,24.3728,22.816222,23.861541],"X3":[55.26141,55.363774,57.288794,55.993494,56.920157,56.891858,55.945029],"X4":[3.654074,5.152351,4.57253,5.50287,5.615807,6.141247,5.527922],"X5":[0.719076,0.745372,0.715559,0.103269,0.109851,0.119616,0.246165],"X6":[24.488059,23.099951,21.813892,21.858301,22.003015,22.134013,21.682698],"X7":[10.758205,10.027425,9.783832,10.603548,10.186745,10.29236,12.480384],"X8":[5.119175,5.611127,5.825394,5.938519,5.164425,4.420906,4.117801],"X9":[23.001239,22.98945,23.205869,21.911413,21.290434,21.067258,20.879594],"X10":[67.830443,68.365548,67.879608,68.64368,68.62994,68.744042,68.387346],"X11":[8.623984,8.085206,8.448209,9.209966,9.904452,9.846779,10.554707],"X12":[49.502943,50.693517,51.620104,52.490559,52.570419,51.713765,51.144801],"X13":[50.497057,49.306483,48.379896,47.509441,47.429581,48.286235,48.855199],"X14":[6.295758,5.609178,5.324872,5.227655,5.407036,4.93055,5.036565]},"51059_pd_l":{"X2":[31.441342,29.731478,33.421038,33.695671,28.63713,26.271425,25.551912],"X3":[50.746948,47.620927,51.13268,53.023055,51.00836,49.939679,47.18167],"X4":[22.787653,20.788792,18.682699,19.27226,21.970278,24.339387,25.374078],"X5":[0.113482,0.237714,0.494591,0.436046,0.393632,0.440643,0.493204],"X6":[13.767435,17.794699,15.111295,15.676101,15.928941,16.108648,17.048248],"X7":[10.817364,11.146185,11.054774,8.299235,5.039692,3.246862,3.200356],"X8":[1.767117,2.411684,3.523961,3.293304,5.659097,5.924782,6.702445],"X9":[26.578976,25.097469,25.192856,28.707284,26.826453,25.235948,24.408641],"X10":[66.149193,67.357718,66.910231,63.00657,64.5483,65.364192,64.777784],"X11":[6.700571,7.226567,7.617389,8.084794,8.396206,9.330718,10.693247],"X12":[47.701615,48.317096,49.684106,49.649354,50.521132,50.598288,50.403953],"X13":[52.298385,51.682904,50.315894,50.350646,49.478868,49.401712,49.596047],"X14":[7.439767,7.507676,7.094389,7.120287,6.65268,6.688357,7.102432]},"51059_pd_lp":{"X2":[13.82105,13.208758,12.484053,12.196806,13.086712,15.389947,15.741995],"X3":[42.709375,43.458897,43.352825,44.076163,45.511116,48.216811,46.032951],"X4":[27.274174,26.765565,25.962084,27.293867,27.149923,24.304377,25.655983],"X5":[0.430622,0.209616,0.179438,0.322547,0.357789,0.180425,0.149223],"X6":[20.805734,20.232066,20.4584,19.806148,18.983658,18.495116,18.833188],"X7":[3.085549,2.995698,3.686287,3.433876,3.155231,4.596498,5.251473],"X8":[5.694545,6.338158,6.360966,5.067399,4.842283,4.206774,4.077182],"X9":[29.398243,28.775365,29.254595,29.264428,29.642735,28.955765,29.717723],"X10":[63.644528,63.905392,63.744506,63.741575,62.399102,62.668966,60.698604],"X11":[6.627257,6.923381,6.64984,6.782906,7.805115,8.124175,9.106624],"X12":[51.332176,50.491402,49.834509,48.889104,48.670655,47.808144,47.866372],"X13":[48.667824,49.508598,50.165491,51.110896,51.329345,52.191856,52.133628],"X14":[12.452258,12.19661,12.779376,13.208679,12.413974,11.66435,12.34533]},"51059_pd_m":{"X2":[6.6084,8.066518,7.681045,7.778919,7.232084,6.856629,6.39703],"X3":[73.51068,72.55037,72.809936,72.300857,70.142925,70.705732,67.589107],"X4":[2.363129,2.358476,2.489341,2.556522,2.812279,2.637404,2.937812],"X5":[0.145483,0.105353,0.154776,0.14393,0.136858,0.140001,0.113795],"X6":[18.513172,18.799963,18.869043,19.294586,20.995854,20.89437,23.867933],"X7":[1.396073,1.766374,1.211157,1.775572,2.024674,1.981968,2.112476],"X8":[4.071463,4.419464,4.465748,3.928533,3.88741,3.640524,3.378877],"X9":[26.126589,26.071664,26.111307,26.768211,25.698453,25.862663,25.646242],"X10":[58.475879,57.857614,57.568106,56.952786,56.663596,55.975519,56.363731],"X11":[14.797496,15.54812,15.792192,15.912358,17.404709,17.883704,17.735309],"X12":[48.851774,48.578251,49.064515,49.247752,49.02266,49.0424,49.213417],"X13":[51.148226,51.421749,50.935485,50.752248,50.97734,50.9576,50.786583],"X14":[8.748883,8.222271,7.712624,7.630003,7.246042,7.292031,7.305976]},"51059_pd_mv":{"X2":[21.623219,22.533689,24.69908,24.739062,27.013397,26.66336,24.872714],"X3":[59.520956,59.370923,59.723752,61.239409,61.321525,62.715782,62.178157],