{"51059_sd_braddock":{"X2":[12.662893,14.21694,15.305838,15.11593,15.436718,16.092718,15.459754,15.68251,16.607366,16.823549,16.868012,14.52119,14.705597],"X3":[70.738909,68.895687,68.03831,67.804333,67.206806,67.410221,66.37167,65.747587,66.272521,66.300223,65.222556,62.590415,61.525003],"X4":[5.78724,5.104624,5.863943,5.65359,6.498974,6.393831,7.025053,7.229319,6.748539,6.202304,6.694518,7.168446,7.271172],"X5":[0.432684,0.534054,0.502379,0.411432,0.38689,0.332611,0.242209,0.196782,0.258377,0.479997,0.421308,0.424469,0.398344],"X6":[17.351517,18.511361,18.106387,18.807774,18.667487,18.7574,19.211204,19.172624,19.040672,18.847529,18.567174,20.053208,19.741158],"X7":[2.445153,3.718821,3.826379,3.56891,3.445367,3.165743,3.16014,3.811004,3.716398,3.605968,4.730921,3.458613,3.78671],"X8":[3.244497,3.235453,3.662603,3.753962,3.794475,3.940194,3.989725,3.842684,3.963493,4.563978,4.363523,6.30485,7.277613],"X9":[26.742909,27.026624,26.966946,26.95034,27.366174,26.899671,26.484269,26.540454,26.347085,26.117321,26.388833,26.704034,26.581681],"X10":[60.970894,62.707578,62.471002,61.939622,61.350898,61.102253,61.005331,60.301485,59.992805,60.264932,59.541648,58.88177,59.187846],"X11":[11.724585,9.897403,10.120018,10.721941,10.778126,11.455359,11.924178,12.553961,13.074008,13.085334,13.541194,13.884012,13.808965],"X12":[49.222513,48.94521,49.025652,48.855664,49.091192,49.036906,49.306496,49.264907,49.492901,49.63014,49.389018,48.451691,48.647577],"X13":[50.777487,51.05479,50.974348,51.144336,50.908808,50.963094,50.693504,50.735093,50.507099,50.36986,50.610982,51.548309,51.352423],"X14":[48.325336,11.050466,11.306281,11.218108,10.879003,10.562353,10.475006,10.186876,9.541825,9.429439,9.208804,8.767202,8.520998]},"51059_sd_dranesville":{"X2":[8.886069,12.48763,13.311276,13.509008,14.114589,15.079804,14.725316,14.805896,14.51516,15.000174,15.114625,17.525367,17.480431],"X3":[77.9969,72.576071,71.019275,69.261408,69.874349,68.356655,69.229545,69.848504,70.20527,68.374554,67.451016,62.976545,60.2812],"X4":[2.906184,4.252266,3.66641,4.615007,4.59334,4.655637,4.97727,4.774005,4.859637,4.662739,4.484735,4.53324,4.638923],"X5":[0.266028,0.784501,0.706852,0.577603,0.348925,0.302833,0.12463,0.133614,0.186701,0.203498,0.172484,0.190905,0.329176],"X6":[12.48967,15.49635,16.030335,16.123359,15.904626,16.907124,16.703568,17.472072,18.382443,18.781067,19.721339,20.104274,20.665513],"X7":[3.381193,4.566057,4.632227,4.945036,4.784514,5.035901,4.288648,4.092635,3.076258,4.703324,5.036988,6.14937,6.603738],"X8":[2.960025,2.324754,3.944901,4.477587,4.494245,4.74185,4.67634,3.679171,3.289691,3.274818,3.133438,6.045666,7.48145],"X9":[26.587811,27.254441,27.827713,28.235748,27.911082,28.03479,27.79997,28.113045,27.433138,27.558104,27.141012,26.493331,26.290326],"X10":[58.553474,61.561827,60.771321,60.261731,60.271006,59.295135,59.105751,58.407489,58.163375,57.414402,57.193999,59.802493,59.925399],"X11":[14.278076,10.855077,11.083038,11.082032,11.32795,12.138118,12.471552,13.022437,14.011862,14.758844,15.3532,13.316178,13.353572],"X12":[49.862817,49.729346,49.64549,50.175965,50.109903,49.631725,49.360325,49.744165,49.4305,49.802739,49.911071,50.170768,50.321162],"X13":[50.137183,50.270654,50.35451,49.824035,49.890097,50.368275,50.639675,50.255835,50.5695,50.197261,50.088929,49.829232,49.678838],"X14":[48.587938,9.763705,9.382568,9.205951,8.818718,8.538739,7.967559,7.816513,7.354264,7.15632,7.240296,6.93151,6.682693]},"51059_sd_hunter_mill":{"X2":[6.459508,8.982604,9.308817,10.738377,11.101925,11.129884,10.596286,10.129721,9.567112,9.565779,10.187116,10.708113,10.871507],"X3":[81.620303,71.033733,70.596829,71.73706,70.743503,71.566292,70.595276,70.136322,69.255806,68.969157,67.725139,66.034505,64.399504],"X4":[4.459606,7.325384,7.626348,6.796363,7.08351,6.688138,6.775094,6.916641,7.63243,7.547028,7.917872,7.078075,6.674023],"X5":[0.148848,0.227971,0.218202,0.205665,0.249916,0.24333,0.170305,0.191531,0.099361,0.07661,0.089825,0.152206,0.198877],"X6":[10.216653,15.738818,15.523107,15.142802,15.726574,15.548352,16.267462,16.771464,17.300815,16.92363,17.742283,17.368111,18.2618],"X7":[1.827837,3.123545,2.938554,2.847804,2.622224,1.788976,1.80024,1.704475,1.337055,1.624339,1.6919,1.724485,2.016405],"X8":[1.726754,2.550548,3.096961,3.270306,3.574274,4.164912,4.391623,4.279568,4.374533,4.859236,4.832982,7.642618,8.449392],"X9":[26.209674,25.287968,25.515997,25.412344,25.604822,25.573049,25.70055,25.65693,25.090238,25.313518,25.344,25.378083,24.977062],"X10":[60.450001,64.650712,64.240469,64.381018,63.35483,62.594471,62.095246,61.474642,61.300903,61.020363,60.629939,60.202078,60.636924],"X11":[13.17901,9.682797,9.83132,9.774193,10.645722,11.416353,11.783774,12.569669,13.364141,13.359543,13.835874,14.013919,14.093125],"X12":[48.028495,49.428921,49.506801,49.222451,49.296596,49.412209,48.901733,48.884315,48.732533,48.867011,49.093771,48.902675,49.398011],"X13":[51.971505,50.571079,50.493199,50.777549,50.703404,50.587791,51.098267,51.115685,51.267467,51.132989,50.906229,51.097325,50.601989],"X14":[48.139041,9.563118,9.661787,9.548655,9.499955,9.678409,9.366379,8.34622,7.990487,7.738878,7.47995,7.192549,7.092182]},"51059_sd_lee":{"X2":[26.35626,21.628528,22.546324,21.491918,21.312487,21.210311,21.701104,22.19765,22.953553,23.217518,23.619028,22.166189,21.51852],"X3":[55.141737,58.086563,57.955961,56.656004,55.796574,56.140397,56.160536,57.023071,57.196321,57.34452,57.102941,55.839938,50.532633],"X4":[18.780625,17.157454,16.800385,17.230992,17.803876,17.23247,16.496751,16.483115,16.937906,17.52737,18.42617,18.718604,19.583241],"X5":[0.232235,0.416346,0.401683,0.442819,0.434447,0.154202,0.174369,0.126494,0.185719,0.165888,0.180511,0.232312,0.499158],"X6":[12.660185,13.452039,13.323135,13.765745,13.558928,14.213549,14.42541,14.338262,13.67448,13.794865,13.372463,14.935233,15.551391],"X7":[10.319913,7.453526,8.194262,7.684177,8.528118,8.342656,8.211015,7.204969,7.146004,5.964189,5.620937,4.573298,5.344422],"X8":[2.865305,3.434071,3.324573,4.220263,3.878057,3.916726,4.53192,4.824089,4.85957,5.203169,5.296979,5.700614,8.489155],"X9":[28.869612,25.892781,25.662737,25.575439,25.335338,25.118761,25.949141,25.905027,25.728837,25.768667,25.829326,25.004355,25.226887],"X10":[61.016854,64.779612,64.917282,64.892289,64.883894,65.080555,64.262736,63.784577,63.320694,62.574836,62.017594,60.88534,61.293541],"X11":[9.744027,9.104298,9.05721,9.113265,9.280713,9.23684,9.268912,9.81849,10.442138,11.186262,11.656327,13.541092,12.874135],"X12":[50.055506,50.096317,49.821494,49.550238,49.217421,49.196826,48.856928,49.025088,49.175344,49.268703,49.234512,49.117002,50.006071],"X13":[49.944494,49.903683,50.178506,50.449762,50.782579,50.803174,51.143072,50.974912,50.824656,50.731297,50.765488,50.882998,49.993929],"X14":[49.223846,12.294609,12.03199,11.164579,11.079275,10.97179,10.414036,10.250057,10.341884,10.064917,9.786296,9.98563,10.082661]},"51059_sd_mason":{"X2":[24.436883,24.311779,25.271053,26.529455,27.793328,28.609371,28.713951,28.124604,27.637466,27.310785,26.728935,26.98808,27.207493],"X3":[59.223845,56.307107,57.088198,55.293395,56.4015,56.053885,55.858791,55.867687,55.321267,55.098086,53.462121,51.239076,48.213204],"X4":[12.721546,14.660334,13.860208,14.219654,13.357975,13.58386,13.55347,14.391063,14.57089,14.959517,15.260631,14.601509,13.653354],"X5":[0.301235,0.702268,0.631548,0.613713,0.615706,0.286341,0.354472,0.351675,0.380274,0.32081,0.37404,0.534226,0.775514],"X6":[14.136443,15.483439,15.162334,15.726454,15.462129,15.065105,15.585792,15.636334,15.509482,15.371679,15.634942,16.48418,16.481864],"X7":[10.132551,9.718163,9.739504,10.470134,10.197039,10.788498,10.074849,9.908766,9.969666,9.708189,10.770154,11.828462,13.080208],"X8":[3.48438,3.128689,3.518208,3.67665,3.965652,4.222311,4.572626,3.844475,4.248421,4.541719,4.498113,5.312547,7.795856],"X9":[24.973724,22.987343,22.829495,22.834647,23.380751,23.948203,24.03445,24.549022,24.382649,24.234891,24.189482,24.344091,23.982507],