{"51059_sd_braddock":{"X2":[15.460799,15.965951,15.263318,15.199846,16.068664,16.167458,16.511453],"X3":[67.945801,68.104328,67.192018,65.818592,66.245436,66.182272,65.478275],"X4":[5.94144,5.673538,6.119644,6.398061,6.044661,5.678537,6.338939],"X5":[0.397872,0.381888,0.283187,0.22292,0.275116,0.513805,0.443135],"X6":[18.623833,18.923391,19.579433,20.054218,19.939901,19.755371,18.861654],"X7":[3.454849,3.14346,3.151112,3.635283,3.589993,3.241045,4.401676],"X8":[3.636205,3.773396,3.674607,3.870925,3.904892,4.62897,4.47632],"X9":[27.425678,26.931559,26.585724,26.71743,26.533453,26.320442,26.787029],"X10":[61.304812,61.145618,61.013119,60.085317,59.819498,60.058516,59.193799],"X11":[10.820221,11.451886,11.870812,12.648831,13.158161,13.199422,13.53614],"X12":[48.993571,48.841404,49.171199,48.841416,49.022358,49.270924,49.179704],"X13":[51.006429,51.158596,50.828801,51.158584,50.977642,50.729076,50.820296],"X14":[11.042789,10.641247,10.473068,10.085333,9.617704,9.755605,9.468078]},"51059_sd_dranesville":{"X2":[14.111446,14.836758,15.069612,14.734432,14.439713,14.800282,14.812051],"X3":[67.850109,66.123261,67.185124,67.265784,67.978661,66.499392,66.139704],"X4":[5.230796,5.610267,5.927924,5.804326,5.886262,5.48331,5.15671],"X5":[0.409681,0.333572,0.133677,0.152256,0.216092,0.230316,0.188582],"X6":[17.293145,18.22872,17.636854,18.690037,19.201276,19.355726,20.252785],"X7":[4.434448,4.694123,4.191935,4.24461,3.413173,5.006051,4.928188],"X8":[4.781821,5.010057,4.924486,3.842987,3.304537,3.425205,3.334031],"X9":[27.795593,27.648261,27.696685,27.781529,27.139537,27.37294,26.952928],"X10":[60.517414,59.835981,59.539318,59.068193,59.061604,58.059162,57.864319],"X11":[11.229346,12.028976,12.18429,12.757447,13.490606,14.353808,14.959773],"X12":[50.521784,50.050286,49.665178,49.893211,49.622821,49.73863,49.898493],"X13":[49.478216,49.949714,50.334822,50.106789,50.377179,50.26137,50.101507],"X14":[8.706583,8.428647,7.918295,7.711001,7.313975,7.279156,7.463933]},"51059_sd_hunter mill":{"X2":[11.334203,11.328228,10.567022,10.277443,9.746659,9.671854,10.263123],"X3":[71.068562,71.78123,70.84627,70.169908,69.331288,69.086313,67.872288],"X4":[6.933786,6.527392,6.576939,6.766408,7.505019,7.429271,7.782196],"X5":[0.249289,0.246388,0.169036,0.188612,0.085737,0.058977,0.07701],"X6":[15.450472,15.438558,16.194139,16.902069,17.357868,16.944512,17.684427],"X7":[2.70031,1.808042,1.841601,1.731753,1.393193,1.677917,1.784384],"X8":[3.597581,4.19839,4.372014,4.241249,4.326894,4.80301,4.799696],"X9":[25.443818,25.451569,25.600849,25.664843,25.15172,25.350569,25.401906],"X10":[63.467089,62.633478,62.195565,61.523941,61.243674,61.082452,60.694719],"X11":[10.744976,11.548984,11.834901,12.540594,13.38211,13.280682,13.709392],"X12":[49.340225,49.363641,48.922263,48.852894,48.707923,48.953289,49.123372],"X13":[50.659775,50.636359,51.077737,51.147106,51.292077,51.046711,50.876628],"X14":[9.44965,9.618118,9.329161,8.274376,8.007141,7.723582,7.434197]},"51059_sd_lee":{"X2":[21.629237,21.396785,21.873466,22.468034,23.236618,23.464733,23.997944],"X3":[55.85715,55.835456,55.912129,56.798003,57.034517,57.537585,57.450658],"X4":[17.388878,16.910861,16.322645,16.268457,16.728091,17.37202,17.971838],"X5":[0.408778,0.123457,0.154797,0.102167,0.179351,0.173786,0.189387],"X6":[13.746642,14.641407,14.648195,14.537121,13.783598,13.851547,13.59037],"X7":[8.679326,8.510306,8.368359,7.381293,7.318274,5.940884,5.507254],"X8":[3.919226,3.978512,4.593875,4.912959,4.956169,5.124178,5.290493],"X9":[25.798251,25.506558,26.402849,26.292213,26.033478,26.157123,26.331792],"X10":[64.462515,64.687194,63.748368,63.316762,62.937166,62.148597,61.560867],"X11":[9.275793,9.263432,9.331277,9.90561,10.516083,11.231396,11.641302],"X12":[49.321538,49.336897,48.870563,49.007859,49.146938,49.346185,49.385315],"X13":[50.678462,50.663103,51.129437,50.992141,50.853062,50.653815,50.614685],"X14":[11.252991,11.00967,10.477599,10.22274,10.219598,9.94241,9.81052]},"51059_sd_mason":{"X2":[28.760458,29.68309,30.347261,30.164518,29.512342,28.871891,28.329451],"X3":[55.827463,55.89266,55.850099,56.02378,56.22042,54.993107,51.659837],"X4":[11.556008,11.255063,10.875209,11.139037,11.194211,11.622548,11.960246],"X5":[0.577216,0.261112,0.361618,0.368345,0.291407,0.234685,0.318624],"X6":[17.989882,17.909768,18.39136,18.684852,18.147493,18.021854,18.412222],"X7":[10.054772,10.390863,10.032097,10.280527,10.05279,10.433688,13.045104],"X8":[3.99466,4.290535,4.489617,3.503458,4.093679,4.694117,4.603967],"X9":[24.55661,25.192091,25.042938,25.369672,24.717285,24.311624,23.799843],"X10":[63.198223,62.648145,62.389922,61.943489,62.173768,62.051041,62.092162],"X11":[11.504049,11.528574,11.889708,12.101377,12.584301,13.004724,13.465428],"X12":[48.941424,48.964406,49.367673,49.849594,50.301613,50.047154,49.942032],"X13":[51.058576,51.035594,50.632327,50.150406,49.698387,49.952846,50.057968],"X14":[7.810566,7.139081,6.907706,6.901556,6.913861,6.540613,6.474148]},"51059_sd_mount vernon":{"X2":[14.546044,14.936804,15.99086,15.186042,16.448767,16.938311,16.103909],"X3":[61.941497,61.733908,61.622615,62.284218,62.339749,63.121624,61.988347],"X4":[17.689773,17.810404,17.2752,17.583194,17.766104,16.65082,17.444983],"X5":[0.288391,0.29905,0.235682,0.24771,0.231139,0.165635,0.220732],"X6":[11.273039,11.265466,10.94592,11.016376,10.794299,10.885534,10.978226],"X7":[4.851678,4.491664,5.173419,4.495863,4.50235,4.775873,4.505421],"X8":[3.955623,4.399509,4.747165,4.372638,4.366359,4.400515,4.862291],"X9":[26.276996,26.366893,26.775992,26.435758,26.952701,26.761051,27.456311],"X10":[62.740014,62.698381,62.283016,62.370981,61.546022,61.282084,59.822301],"X11":[10.540174,10.538676,10.601728,10.773194,11.119687,11.565412,12.186244],"X12":[49.698503,49.449991,49.851066,49.341831,49.611215,49.124874,48.873549],"X13":[50.301497,50.550009,50.148934,50.658169,50.388785,50.875126,51.126451],"X14":[13.426092,12.929502,12.638993,12.652081,12.099616,12.092656,12.203668]},"51059_sd_providence":{"X2":[15.037949,14.981493,14.945136,14.472081,13.603813,13.57367,14.016271],"X3":[61.275158,60.669689,61.134265,60.575649,59.392683,58.619124,57.462103],"X4":[5.100649,6.172438,5.990727,6.240213,6.698277,6.902106,6.505693],"X5":[0.336066,0.323892,0.352713,0.073397,0.102814,0.128397,0.169754],"X6":[24.321314,24.116603,23.59624,23.55774,24.0799,24.681483,25.009299],"X7":[4.718631,4.35333,3.792127,4.094297,4.43146,4.436953,5.534404],"X8":[4.248181,4.364048,5.133929,5.458704,5.294866,5.231936,5.318747],"X9":[23.163326,23.654054,23.407469,23.505873,23.0457,23.288002,22.899677],"X10":[66.289012,66.106278,65.780575,65.619262,65.201017,64.705303,65.054465],"X11":[10.032109,9.896202,10.483518,10.513652,11.536535,11.811646,11.812447],"X12":[49.359296,50.114869,50.482667,50.576107,50.580729,49.993972,49.831928],"X13":[50.640704,49.885131,49.517333,49.423893,49.419271,50.006028,50.168072],"X14":[8.130425,7.088684,6.704562,6.383849,6.273083,5.478568,5.480193]},"51059_sd_springfield":{"X2":[8.863505,8.314094,9.039999,9.339578,8.847679,8.795569,9.281103],"X3":[69.687521,69.978556,68.267569,67.989804,66.684226,65.66269,65.486692],"X4":[6.728714,7.141338,8.26838,8.444286,7.918602,8.352164,7.558637],"X5":[0.242506,0.208456,0.184164,0.15358,0.220129,0.18173,0.152834],"X6":[18.348542,17.711731,17.900124,17.703441,19.405226,19.546573,20.26029],"X7":[1.149045,1.103191,1.359533,1.695884,1.651989,1.70189,1.783727],"X8":[3.843672,3.856728,4.02023,4.013006,4.11983,4.554954,4.757819],"X9":[26.6246,26.61183,26.343118,26.054333,25.937978,25.79765,25.439622],"X10":[63.610769,63.11795,62.573132,62.162289,61.181684,60.499955,60.418392],"X11":[9.416963,10.099334,10.861375,11.461645,12.524882,13.256123,13.638388],"X12":[49.610833,49.973051,49.961827,49.788355,49.06364,49.529608,49.98147],"X13":[50.389167,50.026949,50.038173,50.211645,50.93636,50.470392,50.01853],"X14":[13.728264,13.524737,12.731523,12.314164,11.993682,11.80335,11.694392]},