{"51059_sd_braddock":{"X2":[51.006429,51.158596,50.828801,51.158584,50.977642,50.729076,50.820296],"X3":[48.993571,48.841404,49.171199,48.841416,49.022358,49.270924,49.179704]},"51059_sd_dranesville":{"X2":[49.478216,49.949714,50.334822,50.106789,50.377179,50.26137,50.101507],"X3":[50.521784,50.050286,49.665178,49.893211,49.622821,49.73863,49.898493]},"51059_sd_hunter mill":{"X2":[50.659775,50.636359,51.077737,51.147106,51.292077,51.046711,50.876628],"X3":[49.340225,49.363641,48.922263,48.852894,48.707923,48.953289,49.123372]},"51059_sd_lee":{"X2":[50.678462,50.663103,51.129437,50.992141,50.853062,50.653815,50.614685],"X3":[49.321538,49.336897,48.870563,49.007859,49.146938,49.346185,49.385315]},"51059_sd_mason":{"X2":[51.058576,51.035594,50.632327,50.150406,49.698387,49.952846,50.057968],"X3":[48.941424,48.964406,49.367673,49.849594,50.301613,50.047154,49.942032]},"51059_sd_mount vernon":{"X2":[50.301497,50.550009,50.148934,50.658169,50.388785,50.875126,51.126451],"X3":[49.698503,49.449991,49.851066,49.341831,49.611215,49.124874,48.873549]},"51059_sd_providence":{"X2":[50.640704,49.885131,49.517333,49.423893,49.419271,50.006028,50.168072],"X3":[49.359296,50.114869,50.482667,50.576107,50.580729,49.993972,49.831928]},"51059_sd_springfield":{"X2":[50.389167,50.026949,50.038173,50.211645,50.93636,50.470392,50.01853],"X3":[49.610833,49.973051,49.961827,49.788355,49.06364,49.529608,49.98147]},"51059_sd_sully":{"X2":[50.878225,51.060353,51.151607,51.085912,50.753984,50.427344,50.322623],"X3":[49.121775,48.939647,48.848393,48.914088,49.246016,49.572656,49.677377]},"_meta":{"time":{"value":[2009,2010,2011,2012,2013,2014,2015,2016,2017,2018,2019,2020],"name":"time"},"variables":{"perc_female":{"code":"X2","time_range":[4,10]},"perc_male":{"code":"X3","time_range":[4,10]}}}}
